titulo,link,descricao,texto_limpo,sentimento
"Feito no Piauí, projeto de IA com base de dados em português é apresentado ao Governo - Agência Gov",https://news.google.com/rss/articles/CBMitgFBVV95cUxNSTFXQy1BR1ZtM1ZPQi1rU19rekhrUDRRNEZoSEVROEgzMDhSMXdCMklsd25MNFQ2TkxJb3pNRmN5NlZrb0ZEU09zUDJjRGdWVS1UVGMxZUQyNWFLcktFMlBpVGYtai1mUTBSTnZVNXZCUU1oMENjemhnOGVIaERVTFVTZEx3YXNUQ2Q3VWFRQWFxQ2h0VE1PeDhER243ejVkLUU0MTJTbmlXSXFRc2ZoSXBzTFJxZw?oc=5,"<a href=""https://news.google.com/rss/articles/CBMitgFBVV95cUxNSTFXQy1BR1ZtM1ZPQi1rU19rekhrUDRRNEZoSEVROEgzMDhSMXdCMklsd25MNFQ2TkxJb3pNRmN5NlZrb0ZEU09zUDJjRGdWVS1UVGMxZUQyNWFLcktFMlBpVGYtai1mUTBSTnZVNXZCUU1oMENjemhnOGVIaERVTFVTZEx3YXNUQ2Q3VWFRQWFxQ2h0VE1PeDhER243ejVkLUU0MTJTbmlXSXFRc2ZoSXBzTFJxZw?oc=5"" target=""_blank"">Feito no Piauí, projeto de IA com base de dados em português é apresentado ao Governo</a>&nbsp;&nbsp;<font color=""#6f6f6f"">Agência Gov</font>",feito no piauí projeto de ia com base de dados em português é apresentado ao governo  agência gov feito no piauí projeto de ia com base de dados em português é apresentado ao governonbspnbspagência gov,Neutro
"Rafael Fonteles lança nesta quarta (25) a SoberanIA, IA em português elaborada no Piauí - pi.gov.br",https://news.google.com/rss/articles/CBMiqwFBVV95cUxOVmYzdDNMUE54SWQ1QzRtZG5abG1yRkd4UGtaVGxvZHN6S01NVG9fakwwTzYwNHhOU2dZZ2RjQkJER1h4OU0tZDU0TjNWSW83WUM2VVhGNkVYQS1MTGY0ckxiQTZNVlprQTdTT1I2ejlGclpLNGJndDdLbklVLXJuSFpSZ1A0VEJTeXctNnpJRXJDamdmUm82aVcxUFhLR3FCdFR1SGZMZFQ3cjQ?oc=5,"<a href=""https://news.google.com/rss/articles/CBMiqwFBVV95cUxOVmYzdDNMUE54SWQ1QzRtZG5abG1yRkd4UGtaVGxvZHN6S01NVG9fakwwTzYwNHhOU2dZZ2RjQkJER1h4OU0tZDU0TjNWSW83WUM2VVhGNkVYQS1MTGY0ckxiQTZNVlprQTdTT1I2ejlGclpLNGJndDdLbklVLXJuSFpSZ1A0VEJTeXctNnpJRXJDamdmUm82aVcxUFhLR3FCdFR1SGZMZFQ3cjQ?oc=5"" target=""_blank"">Rafael Fonteles lança nesta quarta (25) a SoberanIA, IA em português elaborada no Piauí</a>&nbsp;&nbsp;<font color=""#6f6f6f"">pi.gov.br</font>",rafael fonteles lança nesta quarta  a soberania ia em português elaborada no piauí  pigovbr rafael fonteles lança nesta quarta  a soberania ia em português elaborada no piauínbspnbsppigovbr,Neutro
Parem as máquinas! A IA tem uma reportagem urgente - Revista Piauí,https://news.google.com/rss/articles/CBMiiAFBVV95cUxQTTU1cFBrV1I0N1NUckdOSXAtZGl3Nm95anc3V2hTak9TSlY3MTZDYWZYdnh4TlA4OU43LTFCdlpPYzZkU1NTTkNXdDdXaG43SVJtU0FjNi1XcHdKWGM4WkVHRnNMV2FIMTk1Zjc5OG1MZlNEaDl1OGdOOExJaWVfUG5WZkx4Tm1z0gGOAUFVX3lxTE9YVVJNOTU1RC1ubUdBODZNMkFzX0tzemM1WWNLTHRYVzRIM1ozb3FjOEV2R25JZWp5bUFya1dLdFN2S1lqUUtzakRHdWdsNk9SZm9kSTA2OXQ0XzZnWE9wYVJXYWR3UHBGMnRoanlSRDNmNmtGeXJSbEZmVlZRbW5zQklRSWFEdzMxR2dLdEE?oc=5,"<a href=""https://news.google.com/rss/articles/CBMiiAFBVV95cUxQTTU1cFBrV1I0N1NUckdOSXAtZGl3Nm95anc3V2hTak9TSlY3MTZDYWZYdnh4TlA4OU43LTFCdlpPYzZkU1NTTkNXdDdXaG43SVJtU0FjNi1XcHdKWGM4WkVHRnNMV2FIMTk1Zjc5OG1MZlNEaDl1OGdOOExJaWVfUG5WZkx4Tm1z0gGOAUFVX3lxTE9YVVJNOTU1RC1ubUdBODZNMkFzX0tzemM1WWNLTHRYVzRIM1ozb3FjOEV2R25JZWp5bUFya1dLdFN2S1lqUUtzakRHdWdsNk9SZm9kSTA2OXQ0XzZnWE9wYVJXYWR3UHBGMnRoanlSRDNmNmtGeXJSbEZmVlZRbW5zQklRSWFEdzMxR2dLdEE?oc=5"" target=""_blank"">Parem as máquinas! A IA tem uma reportagem urgente</a>&nbsp;&nbsp;<font color=""#6f6f6f"">Revista Piauí</font>",parem as máquinas a ia tem uma reportagem urgente  revista piauí parem as máquinas a ia tem uma reportagem urgentenbspnbsprevista piauí,Neutro
Governo do Piauí apresenta projeto de IA com base de dados em português - GOV.BR,https://news.google.com/rss/articles/CBMi0AFBVV95cUxOWXJqcm1IUDFjSzhtcHFxX1BQbTJVN3BQOGM2Zk1SNGthczlpSDk3V0txN0t5cFJ0dWdEbjNkNG5Zbm1zcEdOZjllLXZ2dmdvLXpGOVBjQldpNWhRWW82V1ZuMUJrbEVaZGRVclVYMUNicm96SDhlNWkyZ1F1QlNRNHVjLXBWZGxZajFGQXNyVGlXbW1VM21BRUNiQzV5SVZTLV9QYWp0NDZSYmFjdGVldllvVU5TY3RjcXhzWHF1SGRsTFNWTk1SbkhvUlU4NHk4?oc=5,"<a href=""https://news.google.com/rss/articles/CBMi0AFBVV95cUxOWXJqcm1IUDFjSzhtcHFxX1BQbTJVN3BQOGM2Zk1SNGthczlpSDk3V0txN0t5cFJ0dWdEbjNkNG5Zbm1zcEdOZjllLXZ2dmdvLXpGOVBjQldpNWhRWW82V1ZuMUJrbEVaZGRVclVYMUNicm96SDhlNWkyZ1F1QlNRNHVjLXBWZGxZajFGQXNyVGlXbW1VM21BRUNiQzV5SVZTLV9QYWp0NDZSYmFjdGVldllvVU5TY3RjcXhzWHF1SGRsTFNWTk1SbkhvUlU4NHk4?oc=5"" target=""_blank"">Governo do Piauí apresenta projeto de IA com base de dados em português</a>&nbsp;&nbsp;<font color=""#6f6f6f"">GOV.BR</font>",governo do piauí apresenta projeto de ia com base de dados em português  govbr governo do piauí apresenta projeto de ia com base de dados em portuguêsnbspnbspgovbr,Neutro
"Governo do Piauí lança SoberanIA, primeira plataforma de Inteligência Artificial 100% em português - Assembleia Legislativa do Piauí",https://news.google.com/rss/articles/CBMi1AFBVV95cUxOMVFReWwwbDg5R2JUZnFBQURTbEdMR2hGdk12QU5MXzFQdkhucEpnOGliVUduSENDVUFVTFZYX2F3Vk1BLUpjQWZuaTNZWGpoc25nZ2RseWJ1R1NFVmdFcWVtcGN1OHo4LVIxV2xvbFVMTm9US2t3SVYxRy0zMDFPOVhRNUctZlNENG9OZ3R0RWgtU09MUlhaTFpkdFRkYVM2ZlRZV2dUeGtEYTIzbTQ5SDcwSjNkaks0X0ZYV3ZPd0xPUmY1dEwyckNnVVdlMTgzbjQ1MA?oc=5,"<a href=""https://news.google.com/rss/articles/CBMi1AFBVV95cUxOMVFReWwwbDg5R2JUZnFBQURTbEdMR2hGdk12QU5MXzFQdkhucEpnOGliVUduSENDVUFVTFZYX2F3Vk1BLUpjQWZuaTNZWGpoc25nZ2RseWJ1R1NFVmdFcWVtcGN1OHo4LVIxV2xvbFVMTm9US2t3SVYxRy0zMDFPOVhRNUctZlNENG9OZ3R0RWgtU09MUlhaTFpkdFRkYVM2ZlRZV2dUeGtEYTIzbTQ5SDcwSjNkaks0X0ZYV3ZPd0xPUmY1dEwyckNnVVdlMTgzbjQ1MA?oc=5"" target=""_blank"">Governo do Piauí lança SoberanIA, primeira plataforma de Inteligência Artificial 100% em português</a>&nbsp;&nbsp;<font color=""#6f6f6f"">Assembleia Legislativa do Piauí</font>",governo do piauí lança soberania primeira plataforma de inteligência artificial  em português  assembleia legislativa do piauí governo do piauí lança soberania primeira plataforma de inteligência artificial  em portuguêsnbspnbspassembleia legislativa do piauí,Neutro
Piauí ocupa 2ª posição em ranking nacional no uso de Inteligência Artificial - Cidadesnanet.com,https://news.google.com/rss/articles/CBMiswFBVV95cUxNV1lfQ05JMEVXeGdCaW9XQ2xvYXZCeEk1UHl3elhrQ0t3VENjazdXT3BzTTF2WkZaRjhXVmlyS2ZoSmpDLUxNeVo1RE53aHF0bjV4eW41T3FSQm9wRXRWQnE5WngxY0VYNjhJRmJzV1lWU2N3NjFvd3RKbV95UUJiaTY0bng5SFM3eV9mSVgtNFl0Y3UxNTY3YlJKSUt5eXJmVWNiZDd5bmZOM2hZXzljc2l0NNIBuwFBVV95cUxOanJ2TUVZbGpoYjNZdEhRdEtfMElmMVF4eHk2NERVemRWMmlROUk3WTE1MXZaOVQ2TkpFd09uLXBNd2d6MWpxMWxBMWhrazBIYlIyVkhmaVYwYXNvWnlCblFVX1E1cG8tTW5VYmJSRk1qR04wWWZzZml5cUJKTGo0dEJZRzZLZkNrNjg2eUJ3bzhUTWRBbDJTem9JYUZaZm1kdHVmVGVPVTFSdUw1akM4TVJpbFJDNU9VeEZz?oc=5,"<a href=""https://news.google.com/rss/articles/CBMiswFBVV95cUxNV1lfQ05JMEVXeGdCaW9XQ2xvYXZCeEk1UHl3elhrQ0t3VENjazdXT3BzTTF2WkZaRjhXVmlyS2ZoSmpDLUxNeVo1RE53aHF0bjV4eW41T3FSQm9wRXRWQnE5WngxY0VYNjhJRmJzV1lWU2N3NjFvd3RKbV95UUJiaTY0bng5SFM3eV9mSVgtNFl0Y3UxNTY3YlJKSUt5eXJmVWNiZDd5bmZOM2hZXzljc2l0NNIBuwFBVV95cUxOanJ2TUVZbGpoYjNZdEhRdEtfMElmMVF4eHk2NERVemRWMmlROUk3WTE1MXZaOVQ2TkpFd09uLXBNd2d6MWpxMWxBMWhrazBIYlIyVkhmaVYwYXNvWnlCblFVX1E1cG8tTW5VYmJSRk1qR04wWWZzZml5cUJKTGo0dEJZRzZLZkNrNjg2eUJ3bzhUTWRBbDJTem9JYUZaZm1kdHVmVGVPVTFSdUw1akM4TVJpbFJDNU9VeEZz?oc=5"" target=""_blank"">Piauí ocupa 2ª posição em ranking nacional no uso de Inteligência Artificial</a>&nbsp;&nbsp;<font color=""#6f6f6f"">Cidadesnanet.com</font>",piauí ocupa  posição em ranking nacional no uso de inteligência artificial  cidadesnanetcom piauí ocupa  posição em ranking nacional no uso de inteligência artificialnbspnbspcidadesnanetcom,Neutro
Piauí adota Inovação e Inteligência Artificial como políticas de Estado - CartaCapital,https://news.google.com/rss/articles/CBMiugFBVV95cUxOclczOTJuOVk0anNoZkFkVWdGenJaS19YNERhMDA3bHVIR2RGU0xqQUh1MXBndEpCUUpKdll5OUwxR2F4TTYxWm5XREtwbEl4OWt0aHQ2NlV5SndPU2JIZ1RBY3Y4YkR1Z1ZLd0pkU2hMRFZCS3VqNEZocUdOTDFfVjkwbDVXRnE5Wnl1c0xPLTZ3QlFRbU55UnhIY1hHUUhuajJ4cW5nZFBUWWRlZXB2MktsR1NkMGM4blE?oc=5,"<a href=""https://news.google.com/rss/articles/CBMiugFBVV95cUxOclczOTJuOVk0anNoZkFkVWdGenJaS19YNERhMDA3bHVIR2RGU0xqQUh1MXBndEpCUUpKdll5OUwxR2F4TTYxWm5XREtwbEl4OWt0aHQ2NlV5SndPU2JIZ1RBY3Y4YkR1Z1ZLd0pkU2hMRFZCS3VqNEZocUdOTDFfVjkwbDVXRnE5Wnl1c0xPLTZ3QlFRbU55UnhIY1hHUUhuajJ4cW5nZFBUWWRlZXB2MktsR1NkMGM4blE?oc=5"" target=""_blank"">Piauí adota Inovação e Inteligência Artificial como políticas de Estado</a>&nbsp;&nbsp;<font color=""#6f6f6f"">CartaCapital</font>",piauí adota inovação e inteligência artificial como políticas de estado  cartacapital piauí adota inovação e inteligência artificial como políticas de estadonbspnbspcartacapital,Neutro
MPPI realiza palestra sobre Inteligência Artificial no Dia do Estagiário - Ministério Público do Estado do Piauí,https://news.google.com/rss/articles/CBMiswFBVV95cUxNN3ZKQ01taDNqcHdHYU1IMTNBM0lYcGRMY05laF9qcVBwQnE2QnpxM0s2ZzhCQ0JOYmV2dUFzVzNjMENwT2YyYmFrVmNlM1FLZGU2RHZiX2p5eHAwRjVFQVlXV0pBXzFRNUM0STBNSDRXdllvajJrSmp6NkNXQkFxakR0NG1CN0o2alFPbjZZdHVPZDI1UWdsN2VUaXJXV1dBVVNXMHFlSTdWWDg2UkJIQUpOYw?oc=5,"<a href=""https://news.google.com/rss/articles/CBMiswFBVV95cUxNN3ZKQ01taDNqcHdHYU1IMTNBM0lYcGRMY05laF9qcVBwQnE2QnpxM0s2ZzhCQ0JOYmV2dUFzVzNjMENwT2YyYmFrVmNlM1FLZGU2RHZiX2p5eHAwRjVFQVlXV0pBXzFRNUM0STBNSDRXdllvajJrSmp6NkNXQkFxakR0NG1CN0o2alFPbjZZdHVPZDI1UWdsN2VUaXJXV1dBVVNXMHFlSTdWWDg2UkJIQUpOYw?oc=5"" target=""_blank"">MPPI realiza palestra sobre Inteligência Artificial no Dia do Estagiário</a>&nbsp;&nbsp;<font color=""#6f6f6f"">Ministério Público do Estado do Piauí</font>",mppi realiza palestra sobre inteligência artificial no dia do estagiário  ministério público do estado do piauí mppi realiza palestra sobre inteligência artificial no dia do estagiárionbspnbspministério público do estado do piauí,Neutro
Inscrições para 115 vagas em cursos superiores gratuitos de inteligência artificial estão abertas no Piauí - G1,https://news.google.com/rss/articles/CBMi8wFBVV95cUxPWGc4bDdEaTFxdGsxcEdraXJjVlFqQ21OUDRfNWRlYzZqb1o1RDhJZFpudE5FVEs0VnhDaGE4QkNuV1poWnFPX1pIY2ItVFJQbF9KY0pRWXBUcHVVdHZUNXZ6ZEo5NVVTX2pfZ3llTlctLTh2MjBsWEtIZVBrTmw5c3p5YzlHcXBUcTNwRTI3dzdRZHZ1VW02OVRwMHkwaHdrVFUzZjB3OXY4Z0dPMmNDd0pUZ0Q4WVc4RDVFWVRoc2ZvOGM2bnk1QlplWS1yWFUtQWhtaEVQV0pnZTl5VndldnFwUUJYS2x2N0x3Y3g3WlJVbE3SAYICQVVfeXFMUDlTX0VzRkNZSEZrNmwxbmY1SDF3UFRRbXYxaTZEZkhvYVJUa0dDRG4xTDlBTk9rNTByUTlHZEtCRktaRnJmZjc2TEliQW9QY1Z1cGk0aG9NRm1ZVGNZOE03OTNXcUNfYnFqLVA3d3NFaGRkTmxTT29Ba3BxcDdVUmxrdDFKbUNFQmNwUThQRjIyTEdwajhvT1N4T3U2ZDZpSUdlbTBqSzN0ODJxdEVzZEhLbnljZWhDOUJJNm8xbzd3VjJZVzQ5VTZXXzc4d2hYUml5WFViVmEtOUlCQ2lYcEMzYTgzMnVJa1F6VWNORXB6dWxFTlFENHdEU0lDeTlaV3pB?oc=5,"<a href=""https://news.google.com/rss/articles/CBMi8wFBVV95cUxPWGc4bDdEaTFxdGsxcEdraXJjVlFqQ21OUDRfNWRlYzZqb1o1RDhJZFpudE5FVEs0VnhDaGE4QkNuV1poWnFPX1pIY2ItVFJQbF9KY0pRWXBUcHVVdHZUNXZ6ZEo5NVVTX2pfZ3llTlctLTh2MjBsWEtIZVBrTmw5c3p5YzlHcXBUcTNwRTI3dzdRZHZ1VW02OVRwMHkwaHdrVFUzZjB3OXY4Z0dPMmNDd0pUZ0Q4WVc4RDVFWVRoc2ZvOGM2bnk1QlplWS1yWFUtQWhtaEVQV0pnZTl5VndldnFwUUJYS2x2N0x3Y3g3WlJVbE3SAYICQVVfeXFMUDlTX0VzRkNZSEZrNmwxbmY1SDF3UFRRbXYxaTZEZkhvYVJUa0dDRG4xTDlBTk9rNTByUTlHZEtCRktaRnJmZjc2TEliQW9QY1Z1cGk0aG9NRm1ZVGNZOE03OTNXcUNfYnFqLVA3d3NFaGRkTmxTT29Ba3BxcDdVUmxrdDFKbUNFQmNwUThQRjIyTEdwajhvT1N4T3U2ZDZpSUdlbTBqSzN0ODJxdEVzZEhLbnljZWhDOUJJNm8xbzd3VjJZVzQ5VTZXXzc4d2hYUml5WFViVmEtOUlCQ2lYcEMzYTgzMnVJa1F6VWNORXB6dWxFTlFENHdEU0lDeTlaV3pB?oc=5"" target=""_blank"">Inscrições para 115 vagas em cursos superiores gratuitos de inteligência artificial estão abertas no Piauí</a>&nbsp;&nbsp;<font color=""#6f6f6f"">G1</font>",inscrições para  vagas em cursos superiores gratuitos de inteligência artificial estão abertas no piauí  g inscrições para  vagas em cursos superiores gratuitos de inteligência artificial estão abertas no piauínbspnbspg,Neutro
Inteligência Artificial (IA) na educação pública do Piauí - Fundação Telefônica Vivo,https://news.google.com/rss/articles/CBMijwFBVV95cUxPN0NHeEJOREVkTTJCUFNTbEZCU0lTRU5DZkxGaXNkWXRTWjhBVDZrV09TR09NSkZ5NWVRNko1UTNMazBBVlQ3bnp6Y0ktZnUxc1N5SWhjbVJ0WFRpbnctU0lHZDQwRkRoalB5RGlpc2xUZ1RrOVY1R0FNV2ZQZ0haVXZ6SkJvMlJ4TGRfOEtRYw?oc=5,"<a href=""https://news.google.com/rss/articles/CBMijwFBVV95cUxPN0NHeEJOREVkTTJCUFNTbEZCU0lTRU5DZkxGaXNkWXRTWjhBVDZrV09TR09NSkZ5NWVRNko1UTNMazBBVlQ3bnp6Y0ktZnUxc1N5SWhjbVJ0WFRpbnctU0lHZDQwRkRoalB5RGlpc2xUZ1RrOVY1R0FNV2ZQZ0haVXZ6SkJvMlJ4TGRfOEtRYw?oc=5"" target=""_blank"">Inteligência Artificial (IA) na educação pública do Piauí</a>&nbsp;&nbsp;<font color=""#6f6f6f"">Fundação Telefônica Vivo</font>",inteligência artificial ia na educação pública do piauí  fundação telefônica vivo inteligência artificial ia na educação pública do piauínbspnbspfundação telefônica vivo,Neutro
SIA e Seduc lançam chamada pública para seleção de professores bolsistas no projeto Conexão Ciência Piauí - SEDUC-PI,https://news.google.com/rss/articles/CBMi7AFBVV95cUxQV1NETTFwSVRucmxmcS16cWpQQVR0aDA4Z0Nhd3pzUE50dk9GNXVTLXF6aEU2S01CTzl2V2FIZEpfQ0tBZEUtZ2NRb1BYRzNidVBJcm82OUE4QkdmdE1Cd2Ixc05OVEt5VkVEandoaTltY0tLRTdiNEtnMFA3aEdQTi1YX0ZDOERkVlJfYzNqR051RnhDX0t6R2x5Sm9GNDY2Rk1Qb0REZzZyQzl0b3BfUmQtM1J2bUN3aFZRSHFsSk1VVk9fcGk3TkZYRERWQkJjR3lMMG4ySmx2YVBfUmVkNXhKUkRfUmxiU3lQQw?oc=5,"<a href=""https://news.google.com/rss/articles/CBMi7AFBVV95cUxQV1NETTFwSVRucmxmcS16cWpQQVR0aDA4Z0Nhd3pzUE50dk9GNXVTLXF6aEU2S01CTzl2V2FIZEpfQ0tBZEUtZ2NRb1BYRzNidVBJcm82OUE4QkdmdE1Cd2Ixc05OVEt5VkVEandoaTltY0tLRTdiNEtnMFA3aEdQTi1YX0ZDOERkVlJfYzNqR051RnhDX0t6R2x5Sm9GNDY2Rk1Qb0REZzZyQzl0b3BfUmQtM1J2bUN3aFZRSHFsSk1VVk9fcGk3TkZYRERWQkJjR3lMMG4ySmx2YVBfUmVkNXhKUkRfUmxiU3lQQw?oc=5"" target=""_blank"">SIA e Seduc lançam chamada pública para seleção de professores bolsistas no projeto Conexão Ciência Piauí</a>&nbsp;&nbsp;<font color=""#6f6f6f"">SEDUC-PI</font>",sia e seduc lançam chamada pública para seleção de professores bolsistas no projeto conexão ciência piauí  seducpi sia e seduc lançam chamada pública para seleção de professores bolsistas no projeto conexão ciência piauínbspnbspseducpi,Neutro
SIA Talks promove discussão sobre regulamentação da Inteligência Artificial no Brasil e no mundo - pi.gov.br,https://news.google.com/rss/articles/CBMiuwFBVV95cUxQNkJXMVVKNW5JcDdBNDBGYUg4UXM4aHpfcl9rWVJTbHI2NFVmWjVkcXVnZGtQM3ZSaDN2U0Y3RjExNHBuWkNDQUllWWlaUURsNTlBYjJpVzh5TUtBc2htamxiNjJ4TWc5M0ZMWHJidGJqVmtteGVneHRJeTh2bHJiN2dSRWotZ214TDc3bGE0bkRqbFh2aDh2QXYwemh5RFllM2FlZk1rUlNucG91TWhpaUYyMGZncU1oMWhr?oc=5,"<a href=""https://news.google.com/rss/articles/CBMiuwFBVV95cUxQNkJXMVVKNW5JcDdBNDBGYUg4UXM4aHpfcl9rWVJTbHI2NFVmWjVkcXVnZGtQM3ZSaDN2U0Y3RjExNHBuWkNDQUllWWlaUURsNTlBYjJpVzh5TUtBc2htamxiNjJ4TWc5M0ZMWHJidGJqVmtteGVneHRJeTh2bHJiN2dSRWotZ214TDc3bGE0bkRqbFh2aDh2QXYwemh5RFllM2FlZk1rUlNucG91TWhpaUYyMGZncU1oMWhr?oc=5"" target=""_blank"">SIA Talks promove discussão sobre regulamentação da Inteligência Artificial no Brasil e no mundo</a>&nbsp;&nbsp;<font color=""#6f6f6f"">pi.gov.br</font>",sia talks promove discussão sobre regulamentação da inteligência artificial no brasil e no mundo  pigovbr sia talks promove discussão sobre regulamentação da inteligência artificial no brasil e no mundonbspnbsppigovbr,Positivo
Game sobre energia renovável desenvolvido na SIA é disponibilizado ao público - pi.gov.br,https://news.google.com/rss/articles/CBMiogFBVV95cUxOLXBhWnFUUlhjSVlBZTVTSVZhbWx0bFFPdFduUWk3Nm9yd0lHeUxwZUQ2bmRxd2xHOWpIUHFUaThYa0xYdTZSX3NnZGwzWkV0djZPdDZ5VkViWUJDMTRCV3prNm9EUnE4RFA3Z2FPamJoLXNPT3FLOVBfSklMTXhiT1h4c29IVXVRTnFpeWZMSS1mM1I4dGVkZ0g5NzlpQmEzeHc?oc=5,"<a href=""https://news.google.com/rss/articles/CBMiogFBVV95cUxOLXBhWnFUUlhjSVlBZTVTSVZhbWx0bFFPdFduUWk3Nm9yd0lHeUxwZUQ2bmRxd2xHOWpIUHFUaThYa0xYdTZSX3NnZGwzWkV0djZPdDZ5VkViWUJDMTRCV3prNm9EUnE4RFA3Z2FPamJoLXNPT3FLOVBfSklMTXhiT1h4c29IVXVRTnFpeWZMSS1mM1I4dGVkZ0g5NzlpQmEzeHc?oc=5"" target=""_blank"">Game sobre energia renovável desenvolvido na SIA é disponibilizado ao público</a>&nbsp;&nbsp;<font color=""#6f6f6f"">pi.gov.br</font>",game sobre energia renovável desenvolvido na sia é disponibilizado ao público  pigovbr game sobre energia renovável desenvolvido na sia é disponibilizado ao públiconbspnbsppigovbr,Neutro
SIA representa o Piauí em encontros sobre IA e tecnologia com Itália e Israel - pi.gov.br,https://news.google.com/rss/articles/CBMiogFBVV95cUxPTVlMTVE4Sno0dTdaUGJmZzJSTXlQeldEMWE1NjNLLXRJMVdoamFLRDR3MG9nMEhmV0FvZmxXdkhKWWJtS0kyWk90TDg1UWVKVEhjSTVsZUttUEZQNS1rQlVOZWtJZnhVZVh2dmFIRU82N0tiR2VXM29VR2U3RUhjTnFkV2RlM0YxSjJ6N1VYQ3djUlNSVkNCOFR5MWJUX3EwS0E?oc=5,"<a href=""https://news.google.com/rss/articles/CBMiogFBVV95cUxPTVlMTVE4Sno0dTdaUGJmZzJSTXlQeldEMWE1NjNLLXRJMVdoamFLRDR3MG9nMEhmV0FvZmxXdkhKWWJtS0kyWk90TDg1UWVKVEhjSTVsZUttUEZQNS1rQlVOZWtJZnhVZVh2dmFIRU82N0tiR2VXM29VR2U3RUhjTnFkV2RlM0YxSjJ6N1VYQ3djUlNSVkNCOFR5MWJUX3EwS0E?oc=5"" target=""_blank"">SIA representa o Piauí em encontros sobre IA e tecnologia com Itália e Israel</a>&nbsp;&nbsp;<font color=""#6f6f6f"">pi.gov.br</font>",sia representa o piauí em encontros sobre ia e tecnologia com itália e israel  pigovbr sia representa o piauí em encontros sobre ia e tecnologia com itália e israelnbspnbsppigovbr,Neutro
"Piauí + Digital: Sefaz, Etipi e SIA recebem capacitação do BID sobre Termo de Referência - pi.gov.br",https://news.google.com/rss/articles/CBMiqwFBVV95cUxQOG5QY3FaNmJIT0g4bUl4ZlZEVTk0ZDZkTUdyaGIyd0hlZUExYTl3RFZNb2I5dWMtSEg0NEpVaEZEbVRyVWktY0JzZXJMWGZib3hIUzhrNnI4M08zUGwtN1BhUHJPX1FPNG43aXEzU0tDa2ZfcndUSjZVbzQ4XzRlS21EdFRiSjlPYTI4RHBVcUFET1N5TVdxazBKNTVXU2l2QTkteGRLU3hKZW8?oc=5,"<a href=""https://news.google.com/rss/articles/CBMiqwFBVV95cUxQOG5QY3FaNmJIT0g4bUl4ZlZEVTk0ZDZkTUdyaGIyd0hlZUExYTl3RFZNb2I5dWMtSEg0NEpVaEZEbVRyVWktY0JzZXJMWGZib3hIUzhrNnI4M08zUGwtN1BhUHJPX1FPNG43aXEzU0tDa2ZfcndUSjZVbzQ4XzRlS21EdFRiSjlPYTI4RHBVcUFET1N5TVdxazBKNTVXU2l2QTkteGRLU3hKZW8?oc=5"" target=""_blank"">Piauí + Digital: Sefaz, Etipi e SIA recebem capacitação do BID sobre Termo de Referência</a>&nbsp;&nbsp;<font color=""#6f6f6f"">pi.gov.br</font>",piauí  digital sefaz etipi e sia recebem capacitação do bid sobre termo de referência  pigovbr piauí  digital sefaz etipi e sia recebem capacitação do bid sobre termo de referêncianbspnbsppigovbr,Neutro
Piauí e Goiás trocam experiências sobre inteligência artificial e GovTech - pi.gov.br,https://news.google.com/rss/articles/CBMinAFBVV95cUxQTC0xSDhIOG1yVHIwWlhaRlBDRUlVbE03OXM1Vjh1UmJJcjhJMFNKa0ctT0JSdEJ6aU04NXZfUFZyejI3MkpyYzRVcWNWRTF6ZncxekpMSEJhOUJWZVJtZ2ctOHpWcDIweXNaSGh3X2VCYXA2VWQwTUtXUEdYaTZqRFJiVkNFT0g2NmxRblZtYnMxMUZmNXdUZmRNYWg?oc=5,"<a href=""https://news.google.com/rss/articles/CBMinAFBVV95cUxQTC0xSDhIOG1yVHIwWlhaRlBDRUlVbE03OXM1Vjh1UmJJcjhJMFNKa0ctT0JSdEJ6aU04NXZfUFZyejI3MkpyYzRVcWNWRTF6ZncxekpMSEJhOUJWZVJtZ2ctOHpWcDIweXNaSGh3X2VCYXA2VWQwTUtXUEdYaTZqRFJiVkNFT0g2NmxRblZtYnMxMUZmNXdUZmRNYWg?oc=5"" target=""_blank"">Piauí e Goiás trocam experiências sobre inteligência artificial e GovTech</a>&nbsp;&nbsp;<font color=""#6f6f6f"">pi.gov.br</font>",piauí e goiás trocam experiências sobre inteligência artificial e govtech  pigovbr piauí e goiás trocam experiências sobre inteligência artificial e govtechnbspnbsppigovbr,Neutro
Tecnologia e inovação marcam encerramento da Brazil Energy Conference sob liderança da SIA - pi.gov.br,https://news.google.com/rss/articles/CBMiswFBVV95cUxQYkg5NEcyd3BxYTBGQ1VBTE5ucEFPbFgzWlNYb0ViU1pIbzhtc2hXblE0NWNZRlJHOXVYdXZwVi1mSlBGamwwSy1zLVBhQTZraUNjZW0xUk9oWklLX1g0dnFvTE83MWFJeWcxTE5MZFFlS2FFRFBFazA1MHFzTndiODJqYnhRN2JpVVJreUszWGNkbnB0eWxDd1VlVGoydVdGa05rOGZQWXBWeU9fN0Nwa2dENA?oc=5,"<a href=""https://news.google.com/rss/articles/CBMiswFBVV95cUxQYkg5NEcyd3BxYTBGQ1VBTE5ucEFPbFgzWlNYb0ViU1pIbzhtc2hXblE0NWNZRlJHOXVYdXZwVi1mSlBGamwwSy1zLVBhQTZraUNjZW0xUk9oWklLX1g0dnFvTE83MWFJeWcxTE5MZFFlS2FFRFBFazA1MHFzTndiODJqYnhRN2JpVVJreUszWGNkbnB0eWxDd1VlVGoydVdGa05rOGZQWXBWeU9fN0Nwa2dENA?oc=5"" target=""_blank"">Tecnologia e inovação marcam encerramento da Brazil Energy Conference sob liderança da SIA</a>&nbsp;&nbsp;<font color=""#6f6f6f"">pi.gov.br</font>",tecnologia e inovação marcam encerramento da brazil energy conference sob liderança da sia  pigovbr tecnologia e inovação marcam encerramento da brazil energy conference sob liderança da sianbspnbsppigovbr,Neutro
Conexão Ciência: termina nesta sexta (18) o prazo para inscrição de professores - pi.gov.br,https://news.google.com/rss/articles/CBMioAFBVV95cUxPRGh6TTlYVnpQeDJjbWlHdjFTeU5abGpHZUx0X1V6MDhHY1c5d3UzeFN3djBVRTFJS1dyUFE3S1pFVFZ1ZkYtSk9jeWw5andaeVRpRkJpVEVSdWlZQjhnZGdEVkFCSVhuRHotbUIzMnVldDdlZnlxN010Y29BU0lYQ3VheklPdzFVbkwwQUpsa2ZQX3hmT2dWakZwMmlBQVhj?oc=5,"<a href=""https://news.google.com/rss/articles/CBMioAFBVV95cUxPRGh6TTlYVnpQeDJjbWlHdjFTeU5abGpHZUx0X1V6MDhHY1c5d3UzeFN3djBVRTFJS1dyUFE3S1pFVFZ1ZkYtSk9jeWw5andaeVRpRkJpVEVSdWlZQjhnZGdEVkFCSVhuRHotbUIzMnVldDdlZnlxN010Y29BU0lYQ3VheklPdzFVbkwwQUpsa2ZQX3hmT2dWakZwMmlBQVhj?oc=5"" target=""_blank"">Conexão Ciência: termina nesta sexta (18) o prazo para inscrição de professores</a>&nbsp;&nbsp;<font color=""#6f6f6f"">pi.gov.br</font>",conexão ciência termina nesta sexta  o prazo para inscrição de professores  pigovbr conexão ciência termina nesta sexta  o prazo para inscrição de professoresnbspnbsppigovbr,Neutro
"Secretaria leva tecnologia imersiva, realidade virtual e inteligência artificial à Brazil Energy Conference - pi.gov.br",https://news.google.com/rss/articles/CBMiyAFBVV95cUxOam0zZTF4RTRhS3JLQWNKSi1iaDQ1N1BkdGgzUnQ0bXRteDBXUVhuTGQwZkNwRllpUVpUajhMZzl4UEdFb2pSYkVJRVpmSzd4T0MtUDgzUWJjZmQxWk1RalB3LVlTcDJqdTJLRC04Wlk4Um1KOUVIQWtkeHFZUEdXMl8wbVc3aXVSczRMUHJwMFlPR2VxajdFajJ5ZTVrUG9CNWh0T1IyWGRZblBsTGRUZzNXd3VJbGZ0X2ZsSVBHekNiNUZVYkFwcA?oc=5,"<a href=""https://news.google.com/rss/articles/CBMiyAFBVV95cUxOam0zZTF4RTRhS3JLQWNKSi1iaDQ1N1BkdGgzUnQ0bXRteDBXUVhuTGQwZkNwRllpUVpUajhMZzl4UEdFb2pSYkVJRVpmSzd4T0MtUDgzUWJjZmQxWk1RalB3LVlTcDJqdTJLRC04Wlk4Um1KOUVIQWtkeHFZUEdXMl8wbVc3aXVSczRMUHJwMFlPR2VxajdFajJ5ZTVrUG9CNWh0T1IyWGRZblBsTGRUZzNXd3VJbGZ0X2ZsSVBHekNiNUZVYkFwcA?oc=5"" target=""_blank"">Secretaria leva tecnologia imersiva, realidade virtual e inteligência artificial à Brazil Energy Conference</a>&nbsp;&nbsp;<font color=""#6f6f6f"">pi.gov.br</font>",secretaria leva tecnologia imersiva realidade virtual e inteligência artificial à brazil energy conference  pigovbr secretaria leva tecnologia imersiva realidade virtual e inteligência artificial à brazil energy conferencenbspnbsppigovbr,Neutro
Governo divulga resultado final de chamada pública do Conexão Ciência Piauí - pi.gov.br,https://news.google.com/rss/articles/CBMiogFBVV95cUxPeXozUHRYOG9rc3pnTGs3UWNraGtjVy1ISG0teFhsMVBkdVFtSzNxYnpBNkZyaTl6MUJxLTJIN0tXak9pOFZnS3VRZUVvZEtnME8xUW1ybFNXS3pWMHFiOGJxdlFMUE9nRHY4OUYzLUExV0RBUmRyV2ZWXzhkNGtkdXJyeDhxNEZoVVhIWDBMay16LUFqOGExZXpibEJlUGdTT3c?oc=5,"<a href=""https://news.google.com/rss/articles/CBMiogFBVV95cUxPeXozUHRYOG9rc3pnTGs3UWNraGtjVy1ISG0teFhsMVBkdVFtSzNxYnpBNkZyaTl6MUJxLTJIN0tXak9pOFZnS3VRZUVvZEtnME8xUW1ybFNXS3pWMHFiOGJxdlFMUE9nRHY4OUYzLUExV0RBUmRyV2ZWXzhkNGtkdXJyeDhxNEZoVVhIWDBMay16LUFqOGExZXpibEJlUGdTT3c?oc=5"" target=""_blank"">Governo divulga resultado final de chamada pública do Conexão Ciência Piauí</a>&nbsp;&nbsp;<font color=""#6f6f6f"">pi.gov.br</font>",governo divulga resultado final de chamada pública do conexão ciência piauí  pigovbr governo divulga resultado final de chamada pública do conexão ciência piauínbspnbsppigovbr,Neutro
